0.487012987,3.98,0.975,0.69210392
0.402597403,4.94,0.969,0.717471563
0.61038961,3.9,0.967,0.809883008
0.464052288,4.4,0.964,0.814852527
0.640522876,3.82,0.965,0.835017303
0.346405229,4.61,0.957,0.715405418
0.525974026,4.61,0.964,0.77841371
0.522875817,3.97,0.963,0.717999687
0.506578947,3.7,0.964,0.708389364
0.516339869,3.9,0.969,0.736155847
0.418300654,4.39,0.974,0.712494306
0.45751634,3.46,0.969,0.697037428
0.614379085,3.55,0.971,0.776846091
0.331168831,4.48,0.955,0.717878181
0.588235294,3.17,0.973,0.714869078
0.568627451,3.62,0.965,0.791413043
0.396103896,4.3,0.965,0.667776003
0.5,3.94,0.976,0.711397361
0.506493506,4.59,0.968,0.756700485
0.512987013,4.27,0.97,0.784075907
0.61038961,3.39,0.975,0.760114972
0.422077922,4.59,0.965,0.729259322
0.603896104,3.38,0.968,0.823121959
0.448051948,3.81,0.968,0.694872352
0.493506494,4.05,0.967,0.724099403
0.346405229,4.37,0.965,0.654812444
0.519480519,4.34,0.968,0.746362805
0.558441558,3.53,0.968,0.750611109
0.603896104,3.45,0.97,0.78527929
0.37254902,4.64,0.966,0.7508115
0.551948052,3.98,0.97,0.77577626
0.551948052,4.44,0.961,0.798817696
0.401315789,4.2,0.963,0.663877505
0.448051948,4.05,0.971,0.718321312
0.535947712,3.91,0.964,0.796029703
0.538961039,4.09,0.968,0.771717408
0.644736842,3.62,0.977,0.77590569
0.453947368,4.08,0.964,0.698402962
0.486842105,3.93,0.971,0.734108394
0.490196078,3.98,0.967,0.707615721
0.493506494,3.74,0.955,0.723540717
0.350649351,4.21,0.964,0.679983583
0.538961039,3.82,0.967,0.750532664
0.590909091,3.21,0.969,0.73202848
0.620915033,3.9,0.972,0.76853362
0.324675325,5.34,0.966,0.72971157
0.564935065,3.87,0.971,0.748198884
0.516339869,3.87,0.964,0.736273959
0.435064935,4.35,0.967,0.725009217
0.431372549,4.74,0.963,0.74269517
0.437908497,4.4,0.968,0.754681459
0.558441558,4.19,0.971,0.77253132
0.585526316,3.86,0.975,0.774295849
0.467105263,4.39,0.971,0.71887668
0.486842105,4.57,0.97,0.759781934
0.597402597,3.34,0.972,0.743468882
0.597402597,3.64,0.968,0.732900724
0.346405229,4.46,0.973,0.63026233
0.529411765,3.83,0.966,0.715224905
0.54248366,3.12,0.966,0.73125418
0.607843137,3.62,0.971,0.786967504
0.364238411,4.87,0.972,0.721138411
0.588235294,3.27,0.971,0.733000735
0.422077922,4.15,0.969,0.748193899
0.309210526,4.97,0.956,0.696951542
0.512987013,4.29,0.969,0.749591069
0.454545455,4.49,0.966,0.757316841
0.525974026,4.61,0.973,0.788729847
0.448051948,4.33,0.974,0.743570583
0.578947368,3.87,0.966,0.794871509
0.535947712,4.92,0.964,0.796023988
0.635761589,3.7,0.972,0.778339856
0.444444444,4.77,0.966,0.753656468
0.45751634,4.39,0.964,0.73132974
0.441558442,4.41,0.969,0.722191051
0.522875817,3.38,0.968,0.723167905
0.565789474,3.94,0.968,0.749130465
0.444444444,5.02,0.965,0.775385155
0.620915033,3.87,0.964,0.815015416
0.503267974,4.36,0.966,0.797824434
0.300653595,4.72,0.971,0.659726406
0.529411765,3.74,0.974,0.747762176
0.571428571,3.4,0.972,0.730767163
0.512987013,4.41,0.969,0.760986304
0.590909091,3.86,0.966,0.803979017
0.553333333,3,0.972,0.72062153
0.402597403,4.66,0.963,0.725481104
0.54,4.34,0.969,0.760522245
0.464052288,3.82,0.963,0.683529917
0.434210526,4.01,0.967,0.68132772
0.532467532,3.26,0.974,0.72464024
0.564935065,3.42,0.972,0.745514375
0.490066225,3.77,0.97,0.706169198
0.38410596,5.03,0.964,0.724717206
0.549019608,3.67,0.965,0.734538026
0.577922078,3.67,0.969,0.759762522
0.331168831,4.72,0.964,0.672435398
0.45751634,3.91,0.971,0.718623951
0.431372549,4.27,0.968,0.711190732
0.535947712,4.14,0.967,0.769310489
0.714285714,3.2,0.969,0.870035548
0.590909091,3.97,0.969,0.783370878
0.385620915,4.95,0.96,0.71277747
0.551948052,3.97,0.969,0.733315602
0.424836601,3.36,0.963,0.644077296
0.38961039,4.22,0.963,0.685173051
0.555555556,3.65,0.971,0.742946136
0.490196078,3.54,0.973,0.696342332
0.597402597,3.97,0.969,0.779707186
0.331168831,5.36,0.972,0.703786247
0.61038961,3.66,0.969,0.769468513
0.60130719,3.57,0.966,0.747747253
0.37254902,4.39,0.972,0.677328596
0.467532468,3.98,0.97,0.68775763
0.402597403,4.47,0.965,0.713873392
0.441558442,4.32,0.965,0.738408648
0.655844156,3.74,0.967,0.813213674
0.640522876,3.36,0.97,0.796238464
0.532467532,4.17,0.97,0.73584118
0.487012987,3.88,0.971,0.736637739
0.503267974,3.25,0.965,0.710038672
0.326797386,4.83,0.969,0.699205498
0.590909091,3.4,0.975,0.743284043
0.513157895,3.94,0.974,0.697499003
0.603896104,3.67,0.972,0.776380017
0.282894737,5.56,0.971,0.713508283
0.559210526,3.95,0.967,0.781625823
0.616883117,3.38,0.974,0.774738081
0.376623377,4.43,0.965,0.686307738
0.388157895,4.41,0.969,0.685752346
0.532894737,4.05,0.968,0.767713268
0.454545455,4.96,0.961,0.811727429
0.571428571,4.19,0.97,0.811318445
0.693333333,3.44,0.975,0.812890882
0.519736842,4.08,0.975,0.730200912
0.467105263,4.34,0.969,0.7206317
0.45751634,4.92,0.968,0.780032717
0.363636364,5.12,0.967,0.706816035
0.644736842,4.16,0.975,0.822499552
0.428571429,4.41,0.974,0.711507417
0.556291391,3.97,0.975,0.789260316
0.464052288,6.13,0.969,0.840742794
0.575163399,4.36,0.97,0.791294154
0.513157895,4.66,0.971,0.789271923
0.337662338,4.68,0.968,0.674788826
0.402597403,4.71,0.962,0.715952969
0.525974026,4.88,0.962,0.792941702
0.487012987,4.7,0.968,0.761879771
0.558441558,4.88,0.965,0.869678271
0.662337662,4.28,0.976,0.817234633
0.415584416,5.07,0.969,0.721950004
0.61038961,3.96,0.974,0.791044523
0.558441558,4.03,0.972,0.815452836
0.454545455,4.91,0.971,0.715252765
0.584415584,4.8,0.973,0.855370308
0.383116883,5.08,0.973,0.737052779
0.564935065,4.61,0.974,0.839952259
0.337662338,6.71,0.962,0.822786006
0.519480519,5.24,0.965,0.811823717
0.597402597,4.39,0.97,0.839844582
0.407894737,4.6,0.97,0.662573409
0.366013072,5.04,0.96,0.662587273
0.506493506,4.63,0.963,0.780634068
0.396103896,4.59,0.964,0.698666928
0.614379085,4.2,0.972,0.837338258
0.703947368,3.47,0.976,0.785518052
0.409090909,4.76,0.963,0.72111073
0.597402597,3.76,0.976,0.741337169
0.519736842,3.84,0.969,0.717654381
0.415584416,3.9,0.973,0.64771035
0.545454545,3.97,0.973,0.779806175
0.376623377,4.22,0.973,0.672994564
0.572368421,3.3,0.974,0.752809205
0.428571429,4.58,0.966,0.733248003
0.487012987,3.66,0.969,0.687956393
0.655844156,3.45,0.974,0.749727045
0.279220779,5.02,0.963,0.662991352
0.324503311,4.82,0.957,0.685100504
0.572368421,4.12,0.969,0.766116806
0.503311258,4.3,0.969,0.734516546
0.694805195,3.98,0.969,0.827298705
0.61038961,4.45,0.98,0.821072826
0.409090909,5.01,0.969,0.725451531
0.603896104,4.16,0.979,0.752013385
0.525974026,4.27,0.971,0.750896753
0.5,3.53,0.976,0.675058208
0.584415584,3.44,0.973,0.719297148
0.38961039,3.79,0.971,0.679347301
0.467532468,3.83,0.969,0.725134332
0.506493506,4.47,0.968,0.787330563
0.558441558,3.75,0.969,0.723895227
0.467532468,3.97,0.972,0.706516751
0.422818792,4.35,0.965,0.714835731
0.446666667,4.45,0.97,0.699049085
0.496688742,3.71,0.974,0.679222362
0.487012987,3.95,0.971,0.706599976
0.606666667,4.36,0.972,0.80694011
0.523178808,4.81,0.966,0.800183679
0.364238411,4.82,0.975,0.679593897
0.651315789,3.82,0.978,0.752188223
0.424836601,3.73,0.971,0.672691417
0.538961039,2.96,0.978,0.640977665
0.558441558,2.93,0.973,0.701061247
0.381578947,3.42,0.971,0.613760782
0.598684211,2.71,0.973,0.671279525
0.394736842,4.34,0.97,0.691521911
0.564935065,3.27,0.972,0.713780768
0.535947712,3.37,0.973,0.702614167
0.5,4.32,0.969,0.731828647
0.348684211,5.41,0.966,0.697267909
0.551948052,4.28,0.972,0.7734631
0.655844156,4.06,0.974,0.79733224
0.61038961,3.76,0.973,0.78016054
0.453333333,5.01,0.967,0.766117088
0.440789474,4.49,0.969,0.705925196
0.434210526,4.68,0.974,0.728304258
0.467105263,4.48,0.97,0.743464546
0.516556291,4.11,0.972,0.697434252
0.569536424,3.76,0.977,0.728354635
0.344370861,4.37,0.97,0.670576318
0.607843137,3.19,0.972,0.730851673
0.375838926,4.76,0.966,0.718456903
0.493333333,4.2,0.975,0.739179845
0.620915033,3.69,0.972,0.759853251
0.509803922,4.05,0.969,0.742347772
0.486842105,4.38,0.976,0.727748114
0.535947712,4.15,0.972,0.760206116
0.61589404,3.82,0.979,0.798451042
0.597315436,3.6,0.973,0.771100244
0.389261745,5.12,0.968,0.744194013
0.427631579,5.26,0.97,0.725826326
0.437908497,5.25,0.972,0.734684927
0.45751634,4.22,0.969,0.70539526
0.248366013,4.93,0.967,0.670551477
0.649350649,3.26,0.97,0.757842576
0.444444444,4.3,0.966,0.693597801
0.594771242,3.78,0.972,0.748116519
0.418300654,4.76,0.963,0.696096411
0.562091503,3.42,0.968,0.742446177
0.623376623,3.52,0.972,0.738033391
0.480519481,4.39,0.973,0.747074792
0.536423841,5.06,0.973,0.768076892
0.519480519,4.83,0.97,0.823239243
0.538961039,5,0.974,0.804383847
0.666666667,4.17,0.973,0.861137957
0.346405229,6.08,0.966,0.709327165
0.375,6.24,0.969,0.756079904
0.535947712,4.58,0.97,0.776057614
0.435064935,3.98,0.967,0.672628523
0.461038961,3.94,0.971,0.674162855
0.564935065,3.54,0.976,0.737024106
0.480519481,4.22,0.969,0.712914562
0.597402597,3.46,0.974,0.728451704
0.350649351,4.64,0.959,0.736755844
0.545454545,3.89,0.967,0.743466277
0.564935065,4.47,0.974,0.743804387
0.526315789,4.48,0.97,0.76528838
0.558441558,4.17,0.971,0.747961004
0.538961039,4.39,0.974,0.772256632
0.577922078,4.87,0.976,0.819443185
0.662337662,3.65,0.972,0.821587012
0.357615894,4.85,0.967,0.738380314
0.298701299,6,0.972,0.745903079
0.477124183,4.58,0.972,0.727326387
0.405228758,4.13,0.964,0.678723987
0.519736842,3.22,0.975,0.650796388
0.603896104,3.97,0.975,0.768624099
0.363636364,3.94,0.966,0.671284559
0.625,3.43,0.974,0.733708858
0.39869281,5.05,0.97,0.723499371
0.558441558,3.56,0.97,0.725367846
0.525974026,3.98,0.973,0.734907354
0.590604027,4.46,0.968,0.811052275
0.439189189,4.36,0.967,0.724425489
0.565789474,4.6,0.974,0.781839749
0.545454545,4.79,0.976,0.768084847
0.651315789,3.91,0.973,0.807565593
0.348684211,5.48,0.965,0.741449531
0.361842105,5.8,0.975,0.749861392
0.496688742,4.94,0.97,0.776014237
0.463087248,4.07,0.973,0.703170916
0.506578947,3.4,0.972,0.639114088
0.585526316,3.37,0.978,0.711517815
0.546666667,3.62,0.972,0.729491252
0.553333333,3.62,0.973,0.726248561
0.3,4.93,0.966,0.64307466
0.573333333,3.46,0.974,0.725768438
0.470198675,3.84,0.967,0.73615594
0.589403974,4.56,0.97,0.798078762
0.551948052,4.31,0.972,0.720658541
0.564935065,4.08,0.97,0.761260513
0.525974026,4.29,0.967,0.78056691
0.701986755,3.31,0.978,0.820837659
0.361842105,5.79,0.964,0.734039556
0.279220779,6.01,0.968,0.71780767
0.427631579,4.6,0.966,0.724257007
0.549019608,3.64,0.972,0.715475144
0.417218543,3.71,0.971,0.659660418
0.545454545,3.8,0.97,0.722358967
0.62987013,3.27,0.974,0.743672285
0.509933775,4.07,0.975,0.732202372
0.298013245,5.17,0.97,0.667920951
0.444444444,4.15,0.972,0.719829656
0.60130719,3.59,0.971,0.782170977
0.532467532,4.89,0.972,0.804319055
0.532467532,3.74,0.969,0.725728093
0.577922078,3.63,0.975,0.728162104
0.584415584,4.01,0.968,0.805536467
0.571428571,3.89,0.975,0.758517357
0.350649351,5.22,0.96,0.719507462
0.435064935,5.12,0.974,0.732229108
0.415584416,4.59,0.968,0.703797224
0.575163399,3.5,0.97,0.707446675
0.427631579,4.36,0.97,0.657906539
0.487012987,3.54,0.968,0.711101258
0.653594771,3.05,0.981,0.701376714
0.473684211,3.79,0.977,0.698327307
0.326797386,4.4,0.97,0.628850613
0.506493506,4.36,0.966,0.736437706
0.549019608,3.83,0.971,0.744191057
0.545454545,4.19,0.972,0.793862197
0.5,3.52,0.971,0.662353592
0.487012987,3.9,0.976,0.714270022
0.487012987,4.18,0.969,0.711914571
0.655844156,3.53,0.973,0.762044022
0.415584416,4.83,0.967,0.726062096
0.454545455,4.72,0.975,0.748403058
0.454545455,4.35,0.969,0.704998118
0.649350649,3.14,0.974,0.749047413
0.402597403,3.95,0.97,0.644569242
0.454545455,3.72,0.97,0.690108887
0.571428571,3.17,0.975,0.647023321
0.483660131,3.94,0.974,0.694391142
0.279220779,4.5,0.969,0.63517885
0.525974026,3.48,0.968,0.703826517
0.633986928,3.19,0.973,0.714298876
0.611842105,3.44,0.974,0.752537539
0.445945946,3.58,0.97,0.632807334
0.487012987,3.59,0.974,0.661745167
0.474025974,3.13,0.969,0.656108528
0.668831169,2.91,0.976,0.736573111
0.357142857,4.45,0.969,0.631810389
0.543046358,3.59,0.972,0.720831252
0.410596026,4.58,0.962,0.672083975
0.675324675,2.84,0.977,0.69869593
0.398648649,3.76,0.977,0.632990125
0.441558442,3.6,0.973,0.672213421
0.5,2.82,0.972,0.617131188
0.559210526,3.31,0.977,0.687337977
0.278145695,4.12,0.968,0.593162896
0.448979592,3.58,0.969,0.646529183
0.688311688,2.55,0.972,0.714630305
0.447368421,3.45,0.976,0.638570821
0.532467532,3.2,0.973,0.639465194
0.535947712,3.15,0.975,0.677611629
0.506493506,3,0.971,0.681276924
0.636363636,2.93,0.974,0.710230311
0.318181818,4.05,0.973,0.587916042
0.473684211,3.41,0.975,0.668585106
0.549019608,3.18,0.971,0.677752827
0.529411765,3.88,0.972,0.700444313
0.444444444,3.25,0.972,0.605609855
0.483660131,3.31,0.973,0.6852382
0.564935065,3.13,0.98,0.6533562
0.359477124,4.08,0.973,0.644834602
0.415584416,3.79,0.97,0.649482571
0.519480519,3.08,0.973,0.690478035
0.681818182,2.57,0.976,0.72255116
0.5,3.82,0.972,0.714008781
0.461038961,3.58,0.97,0.625142622
0.467532468,3.65,0.974,0.700546794
0.571428571,3.09,0.97,0.68387506
0.538961039,3.39,0.974,0.716995794
0.467532468,3.26,0.971,0.638094386
0.577922078,3.17,0.972,0.672956034
0.415584416,3.49,0.964,0.650557288
0.409090909,4.68,0.966,0.69552317
0.422077922,3.67,0.971,0.658752329
0.487012987,3.59,0.97,0.685083506
0.577922078,2.97,0.978,0.648079867
0.435064935,4.29,0.971,0.698061581
0.39869281,3.64,0.972,0.647674687
0.588235294,3.44,0.97,0.714940135
0.681818182,2.67,0.981,0.742398114
0.461038961,3.8,0.973,0.673169772
0.476510067,3.69,0.97,0.661312808
0.503448276,3.31,0.977,0.683148141
0.575163399,2.99,0.974,0.68333228
0.532894737,3.45,0.971,0.711907978
0.346666667,3.62,0.975,0.619437597
0.536423841,3.14,0.976,0.65518941
0.564935065,2.92,0.97,0.66105295
0.564935065,3.7,0.962,0.722937091
0.440789474,4.04,0.969,0.704996864
0.636363636,2.98,0.98,0.716659932
0.396103896,4,0.976,0.633910849
0.513157895,4.06,0.973,0.710258842
0.298701299,4.64,0.962,0.631713541
0.532467532,3.76,0.971,0.716193293
0.616883117,3.24,0.977,0.706082572
0.675324675,3.38,0.977,0.756026115
0.480519481,3.1,0.972,0.653852195
0.441558442,3.62,0.975,0.667748409
0.597402597,3.22,0.974,0.710247454
0.564935065,3.13,0.975,0.717294185
0.318181818,3.9,0.971,0.654883099
0.428571429,3.95,0.974,0.667119714
0.493506494,3.74,0.966,0.690849692
0.615384615,3.05,0.972,0.706526864
0.529411765,3.35,0.972,0.687328691
0.535947712,3.24,0.976,0.674365274
0.435064935,3.08,0.976,0.630204563
0.396103896,3.92,0.973,0.698186013
0.448051948,3.99,0.975,0.672178905
0.409090909,3.72,0.97,0.670241468
0.628205128,3.01,0.98,0.712276818
0.538961039,3.81,0.977,0.729402435
0.454545455,3.64,0.975,0.661135044
0.519480519,3.44,0.983,0.707284944
0.551948052,3.57,0.975,0.729117409
0.62987013,3.39,0.981,0.752787977
0.506493506,3.51,0.976,0.679539188
0.383116883,4.33,0.977,0.667960602
0.415584416,3.97,0.976,0.633250422
0.61038961,3.82,0.978,0.745597803
0.558441558,3.62,0.974,0.734391469
0.448051948,4.04,0.975,0.679855282
0.474025974,4.41,0.977,0.70193711
0.525974026,4.44,0.974,0.786227385
0.402597403,3.96,0.974,0.669430341
0.402597403,4.68,0.975,0.743272185
0.577922078,3.53,0.979,0.744309114
0.619354839,4.26,0.981,0.779377371
0.335526316,4.89,0.974,0.658870182
0.625806452,3.22,0.982,0.7891721
0.506493506,4.15,0.974,0.725341234
0.61038961,3.75,0.979,0.785254029
0.545454545,4.43,0.981,0.712307216
0.385620915,5.01,0.972,0.720321001
0.366013072,4.65,0.974,0.650101365
0.545454545,3.75,0.973,0.717319044
0.594771242,3.37,0.976,0.755640966
0.415584416,4,0.972,0.687585685
0.418300654,4.47,0.973,0.676471609
0.506493506,3.93,0.974,0.739836057
0.428571429,4.08,0.964,0.683406449
0.538961039,4.15,0.977,0.715931565
0.551948052,3.91,0.98,0.72699263
0.623376623,3.97,0.98,0.799855091
0.409090909,4.3,0.978,0.693175142
0.577922078,3.36,0.983,0.720316823
0.564935065,3.77,0.978,0.736373775
0.62987013,3.69,0.977,0.758404312
0.525974026,4.23,0.976,0.726670337
0.344155844,5.21,0.972,0.712974487
0.324675325,5.1,0.973,0.685766305
0.62987013,3.8,0.979,0.769355624
0.487012987,3.99,0.975,0.716443066
0.396103896,4.5,0.97,0.681768542
0.402597403,4.34,0.977,0.682445047
0.474025974,3.82,0.973,0.738574699
0.525974026,3.89,0.974,0.709280801
0.461038961,4.57,0.978,0.713173967
0.623376623,3.44,0.977,0.749332682
0.61038961,4.88,0.981,0.84591821
0.38961039,4.41,0.977,0.693923973
0.597402597,3.75,0.978,0.776647279
0.616883117,4.12,0.981,0.784241304
0.636363636,4.15,0.979,0.804015368
0.337662338,5.49,0.974,0.725121851
0.376623377,5.2,0.967,0.704252739
0.435064935,4.66,0.972,0.703543771
0.577922078,4.28,0.979,0.790412235
0.538961039,4.14,0.97,0.744093
0.418300654,4.28,0.968,0.71260135
0.431372549,4.32,0.976,0.700607221
0.558441558,3.71,0.977,0.72975072
0.590909091,3.5,0.975,0.727560573
0.37254902,4.96,0.977,0.740113597
0.509803922,3.97,0.978,0.722733785
0.564935065,4.14,0.977,0.747643644
0.525974026,3.5,0.975,0.727515839
0.603896104,3.38,0.978,0.722666667
0.474025974,4.29,0.974,0.715220388
0.636363636,3.56,0.975,0.752857785
0.454545455,4.47,0.978,0.731285761
0.337662338,5.18,0.971,0.67212173
0.402597403,4.49,0.973,0.687880222
0.617834395,3.88,0.979,0.781291783
0.493506494,3.75,0.976,0.726416751
0.402597403,4.34,0.971,0.675565506
0.441558442,3.7,0.977,0.653260303
0.624203822,3.48,0.972,0.76063968
0.474025974,3.81,0.977,0.69890647
0.415584416,4.79,0.972,0.725670249
0.525974026,3.95,0.98,0.717560647
0.493506494,3.8,0.976,0.701859132
0.525974026,3.25,0.98,0.669024209
0.603896104,3.32,0.975,0.743745629
0.324675325,4.25,0.975,0.667127061
0.616883117,3.14,0.979,0.739903181
0.512987013,4.15,0.977,0.699155131
0.415584416,4.12,0.974,0.674524157
0.506493506,3.37,0.978,0.63936843
0.62745098,3.53,0.982,0.743741952
0.418300654,3.78,0.975,0.64093132
0.5,3.58,0.976,0.701264655
0.448051948,4.01,0.982,0.678299677
0.597402597,3.59,0.974,0.724203119
0.564935065,3.07,0.975,0.705872793
0.272727273,4.65,0.97,0.627889305
0.571428571,3.66,0.977,0.72596184
0.549019608,3.58,0.976,0.712069623
0.577922078,3.41,0.98,0.699118398
0.597402597,3.64,0.979,0.754916325
0.38961039,5.25,0.979,0.714789919
0.655629139,3.2,0.979,0.772083963
0.383116883,4.67,0.978,0.690080578
0.350649351,4.48,0.974,0.677692058
0.5,3.66,0.979,0.70784664
0.681818182,4.1,0.98,0.835973843
0.422077922,4.79,0.967,0.724479697
0.441558442,4.64,0.978,0.72552221
0.597402597,3.3,0.976,0.736745096
0.454545455,4.25,0.975,0.755295357
0.538961039,3.8,0.975,0.728023438
0.324675325,5.22,0.973,0.671202565
0.538961039,4.23,0.977,0.766745061
0.350649351,3.88,0.975,0.650870224
0.448051948,4.01,0.972,0.739986053
0.61038961,3.05,0.982,0.723525308
0.720779221,2.78,0.979,0.744736335
0.441558442,3.81,0.978,0.688441558
0.668831169,3.26,0.979,0.756836986
0.331168831,5.18,0.971,0.645816931
0.428571429,3.84,0.977,0.679172499
0.597402597,4.31,0.978,0.793169857
0.415584416,4.51,0.974,0.735813638
0.480519481,4.5,0.977,0.738202165
0.577922078,3.19,0.981,0.726795338
0.62987013,3.09,0.974,0.754489491
0.487012987,3.59,0.975,0.738723876
0.344155844,4.92,0.971,0.673389588
0.467532468,4.5,0.976,0.771851562
0.37012987,4.21,0.973,0.632965684
0.545454545,3.72,0.977,0.753430805
0.590909091,3.37,0.981,0.728003611
0.603896104,3.39,0.981,0.742655969
0.512987013,3.79,0.976,0.740185194
0.409090909,5.35,0.976,0.702648394
0.623376623,3.23,0.978,0.755876748
0.344155844,4.62,0.974,0.670184027
0.640522876,3.68,0.978,0.802628527
0.470588235,4.17,0.975,0.702129027
0.487012987,3.95,0.977,0.764713504
0.551948052,3.85,0.975,0.75213386
0.519480519,3.77,0.976,0.72579448
0.5,3.93,0.981,0.734569711
0.38961039,4.39,0.972,0.667577543
0.441558442,4.56,0.975,0.719774854
0.448051948,4.2,0.977,0.669201255
0.545454545,4.17,0.972,0.78103713
0.551948052,3.73,0.979,0.741221632
0.571428571,3.32,0.978,0.713034378
0.532467532,4.06,0.976,0.775881226
0.337662338,4.86,0.973,0.685113009
0.62987013,3.63,0.977,0.779648817
0.383116883,5.33,0.972,0.714863702
0.603896104,3.57,0.981,0.760731357
0.38961039,3.96,0.976,0.684603026
0.590909091,3.85,0.981,0.773485953
0.597402597,3.11,0.979,0.745201529
0.435064935,3.78,0.976,0.681107197
0.461038961,4.2,0.975,0.708531905
0.428571429,3.74,0.973,0.687271254
0.493506494,3.97,0.978,0.730115147
0.5,3.46,0.982,0.66985127
0.532467532,3.88,0.976,0.745344166
0.584415584,3.35,0.982,0.714935673
0.496732026,4.06,0.974,0.710816591
0.506493506,3.56,0.98,0.699342955
0.385620915,4.19,0.979,0.687437043
0.636363636,3,0.98,0.747260165
0.357142857,4.85,0.979,0.67561915
0.545454545,3.35,0.979,0.710979148
0.402597403,4.13,0.976,0.683703153
0.519480519,4.62,0.982,0.769009229
0.616883117,3.47,0.981,0.767805493
0.448051948,4.01,0.974,0.70265935
0.5,3.79,0.976,0.694027362
0.402597403,3.88,0.972,0.69920196
0.564935065,3.78,0.979,0.738218004
0.483660131,3.4,0.98,0.656982245
0.512987013,3.92,0.976,0.737264359
0.532467532,3.61,0.981,0.690492146
0.503267974,3.73,0.974,0.724844027
0.5,3.59,0.982,0.715793485
0.474025974,4.15,0.979,0.687630292
0.597402597,3.22,0.978,0.750841758
0.396103896,4.53,0.98,0.661676723
0.467532468,4.22,0.975,0.753021382
0.493506494,3.73,0.983,0.71914083
0.461038961,4.47,0.975,0.718055355
0.597402597,3.21,0.98,0.739062241
0.448051948,4.32,0.978,0.736571003
0.545454545,3.56,0.978,0.726119186
0.519480519,3.98,0.975,0.751746039
0.467532468,4.12,0.975,0.709165786
0.480519481,3.56,0.976,0.653854259
0.487012987,4.17,0.978,0.720610929
0.61038961,3.29,0.979,0.688124583
0.577922078,3.75,0.978,0.726555275
0.493506494,4.2,0.978,0.732124482
0.428571429,4.35,0.973,0.714083708
0.512987013,3.6,0.978,0.719244973
0.409090909,4.01,0.973,0.686228906
0.480519481,4.01,0.977,0.711792893
0.480519481,4.31,0.978,0.763259184
0.564102564,3.79,0.981,0.728260293
0.551282051,3.51,0.979,0.742398457
0.415584416,4.27,0.973,0.671149257
0.506493506,3.9,0.975,0.703823382
0.538961039,3.47,0.974,0.73564158
0.461038961,4.34,0.975,0.730629
0.577922078,3.52,0.982,0.706827323
0.422077922,4.62,0.976,0.722518564
0.564935065,3.6,0.982,0.738029135
0.493506494,3.95,0.978,0.711707475
0.461038961,3.64,0.977,0.696520391
0.376623377,4.38,0.979,0.682485778
0.62987013,3.52,0.979,0.75399076
0.474025974,3.77,0.973,0.704086108
0.38961039,4.35,0.977,0.681078931
0.435064935,4,0.979,0.704850342
0.532467532,3.4,0.979,0.706691136
0.571428571,3.76,0.977,0.741578045
0.383116883,4.01,0.974,0.650951343
0.616883117,3.49,0.979,0.743019373
0.512987013,3.44,0.972,0.70772132
0.558441558,3.64,0.976,0.712911173
0.586419753,3.22,0.98,0.715892356
0.469135802,4.29,0.977,0.707102172
0.530864198,4.06,0.98,0.727069375
0.48447205,4.15,0.977,0.731489499
0.62345679,3.55,0.976,0.766671818
0.378881988,4.74,0.972,0.674589621
0.434782609,4.31,0.969,0.727796018
0.4375,4.28,0.971,0.72095748
0.672839506,3.46,0.98,0.770043104
0.378881988,4.23,0.975,0.681761059
0.415584416,4.48,0.97,0.741139088
0.603896104,3.78,0.977,0.744775361
0.577922078,4.04,0.976,0.742857781
0.538961039,3.89,0.982,0.741456451
0.305194805,4.61,0.976,0.662515652
0.487012987,3.92,0.975,0.736978478
0.551948052,3.77,0.977,0.750965423
0.519480519,3.74,0.972,0.725201729
0.475308642,3.69,0.98,0.699616519
0.475,4.22,0.979,0.725963478
0.524691358,3.73,0.982,0.704082409
0.49382716,4.14,0.977,0.695740645
0.527950311,3.81,0.974,0.738908034
0.444444444,4.79,0.978,0.715669078
0.530864198,3.7,0.972,0.704442157
0.561728395,3.89,0.979,0.749533978
0.592592593,3.7,0.979,0.762001992
0.372670807,4.04,0.978,0.682021465
0.364197531,4.54,0.977,0.691586103
0.604938272,3.75,0.977,0.746352845
0.4,3.83,0.973,0.658548702
0.618181818,3.62,0.97,0.735948598
0.530864198,3.68,0.98,0.726955108
0.25,5.04,0.967,0.677340405
0.50310559,4.28,0.977,0.716016068
0.577639752,3.37,0.976,0.715526929
0.624242424,3.79,0.977,0.780317555
0.518518519,3.55,0.979,0.725525743
0.530864198,3.45,0.984,0.688529181
0.472049689,3.97,0.978,0.710592595
0.580246914,2.97,0.979,0.685518637
0.487654321,3.79,0.977,0.679732726
0.487654321,3.9,0.981,0.706652779
0.450617284,3.92,0.98,0.6663272
0.434782609,3.52,0.974,0.660298821
0.565217391,3.28,0.976,0.751230597
0.645962733,3.07,0.982,0.709398929
0.345679012,4.42,0.971,0.642671575
0.50617284,3.08,0.976,0.657919356
0.530864198,3.29,0.978,0.678283047
0.407407407,3.44,0.974,0.581341977
0.611111111,2.85,0.975,0.665304297
0.518518519,3.27,0.98,0.679873016
0.314814815,4.12,0.967,0.595728353
0.537037037,3.09,0.978,0.683397337
0.456790123,3.1,0.972,0.666115732
0.543209877,3.35,0.975,0.726664152
0.574074074,3.32,0.976,0.728401966
0.598765432,3.16,0.985,0.702267435
0.444444444,4.5,0.977,0.73669904
0.604938272,2.72,0.981,0.669808845
0.487654321,3.75,0.981,0.689181836
0.524691358,3.84,0.982,0.71198163
0.351851852,4.71,0.975,0.686698431
0.50617284,2.91,0.978,0.646937521
0.487654321,3.58,0.977,0.745916708
0.611111111,3.15,0.983,0.701859075
0.382716049,3.98,0.979,0.645465275
0.469135802,4.08,0.975,0.703148656
0.567901235,3.07,0.979,0.677804804
0.407407407,3.41,0.976,0.595151185
0.49382716,2.95,0.973,0.645434913
0.543209877,4.12,0.977,0.7484194
0.327160494,4.25,0.974,0.639619775
0.567901235,3.36,0.975,0.70370116
0.49382716,3.52,0.972,0.703163583
0.555555556,3.19,0.975,0.691069324
0.574074074,3.43,0.973,0.715351634
0.580246914,2.98,0.98,0.668489039
0.382716049,4.24,0.974,0.726131174
0.462962963,3.17,0.981,0.638290393
0.586419753,2.99,0.981,0.676263704
0.537037037,3.3,0.981,0.69288403
0.549382716,3.35,0.981,0.683423502
0.364197531,4.24,0.977,0.664399348
0.62962963,3.14,0.973,0.721246645
0.475308642,3.28,0.978,0.661854145
0.432098765,3.93,0.976,0.652154196
0.444444444,3.78,0.974,0.662831581
0.549382716,3.88,0.981,0.77487089
0.401234568,3.84,0.974,0.640514076
0.598765432,2.81,0.979,0.64324118
0.530864198,3.52,0.978,0.723154096
0.308641975,4.06,0.974,0.600418504
0.527950311,3.53,0.975,0.695237157
0.555555556,3.01,0.977,0.696954429
0.586419753,3.2,0.976,0.696582953
0.49689441,3.77,0.979,0.683093186
0.60625,3.32,0.981,0.730509901
0.444444444,3.92,0.975,0.684265681
0.49382716,3.56,0.979,0.654512643
0.512345679,2.68,0.976,0.624562202
0.5,3.23,0.977,0.655474273
0.543209877,3.85,0.981,0.724912793
0.4625,3.56,0.977,0.628748759
0.549382716,3.13,0.977,0.695895769
0.440251572,3.41,0.977,0.673162988
0.446540881,3.7,0.977,0.648883375
0.524691358,3.68,0.976,0.748251359
0.364197531,4.33,0.974,0.690333397
0.475,4.08,0.98,0.703719679
0.444444444,3.76,0.972,0.681345618
0.586419753,2.62,0.979,0.671490146
0.409937888,4.17,0.975,0.63976995
0.537037037,3.57,0.982,0.698368702
0.567901235,3.52,0.978,0.755531648
0.577639752,3.24,0.974,0.692493862
0.512345679,3.11,0.977,0.664052975
0.472049689,3.32,0.98,0.679717804
0.567901235,3.36,0.977,0.714880881
0.52173913,3.19,0.982,0.647048513
0.549382716,2.45,0.979,0.608531055
0.462962963,3.25,0.981,0.647102146
0.561728395,3.32,0.978,0.697725845
0.385093168,3.68,0.978,0.621957702
0.561728395,3.14,0.978,0.674024759
0.444444444,3.24,0.976,0.610979393
0.472049689,3.38,0.978,0.6106701
0.475308642,3.47,0.978,0.677576024
0.540372671,3.48,0.981,0.693317794
0.537037037,3.05,0.98,0.666832798
0.425925926,4.03,0.974,0.679506039
0.450617284,3.21,0.975,0.62967451
0.37654321,3.73,0.975,0.610604212
0.50617284,3.1,0.978,0.668642949
0.5,3.74,0.978,0.702675812
0.561728395,2.92,0.979,0.681710541
0.627329193,3.05,0.977,0.696471104
0.561728395,2.66,0.981,0.652636717
0.530864198,3.33,0.979,0.6642517
0.413580247,3.43,0.977,0.604368383
0.413580247,2.75,0.977,0.591945933
0.534161491,2.66,0.979,0.617111785
0.635802469,2.71,0.984,0.68685961
0.487654321,2.89,0.973,0.644987763
0.512345679,2.79,0.979,0.607337133
0.50617284,2.94,0.976,0.644415358
0.403726708,3.64,0.976,0.619834365
0.5,2.92,0.98,0.642505417
0.518518519,3.41,0.981,0.661317603
0.512345679,3.56,0.978,0.706715402
0.444444444,3.26,0.975,0.61150246
0.469135802,2.69,0.977,0.607997421
0.450617284,2.72,0.979,0.592205772
0.469135802,3.36,0.98,0.627361787
0.49382716,2.74,0.979,0.648119663
0.543209877,2.71,0.975,0.644647117
0.598765432,2.49,0.978,0.642675327
0.672839506,2.83,0.984,0.754745493
0.537037037,3.92,0.975,0.746435111
0.438271605,3.54,0.978,0.616500153
0.419753086,4.21,0.981,0.673292144
0.385093168,3.94,0.976,0.651098773
0.555555556,3.31,0.979,0.702098992
0.425925926,3.72,0.975,0.64465445
0.598765432,3.24,0.977,0.746125836
0.49689441,3.23,0.979,0.652728001
0.543209877,3.71,0.978,0.699550159
0.395061728,4.35,0.974,0.659413383
0.530864198,3.49,0.978,0.706476813
0.574074074,3.53,0.981,0.698593795
0.567901235,3.34,0.979,0.705272009
0.549382716,4.11,0.973,0.754936175
0.5,3.6,0.975,0.680212432
0.524691358,3.08,0.981,0.672817413
0.320987654,4.33,0.97,0.666051557
0.617283951,2.99,0.98,0.659538434
0.388888889,4.14,0.978,0.683104036
0.543209877,3.61,0.975,0.728552526
0.320987654,4.24,0.975,0.61060366
0.555555556,3.26,0.974,0.690162683
0.537037037,2.94,0.978,0.67489985
0.666666667,3.15,0.981,0.742985601
0.537037037,3.87,0.974,0.761138769
0.530864198,3.48,0.98,0.67074983
0.345679012,4.54,0.975,0.674108097
0.469135802,3.91,0.979,0.705490948
0.487654321,4.09,0.978,0.694861635
0.401234568,3.78,0.976,0.656466893
0.604938272,3.23,0.98,0.726912383
0.401234568,4.21,0.978,0.675147899
0.574074074,3.24,0.98,0.688743076
0.549382716,3.3,0.977,0.714410305
0.432098765,3.8,0.982,0.676043235
0.469135802,4.33,0.977,0.735933551
0.518518519,3.76,0.978,0.747738585
0.62962963,3.69,0.976,0.771701958
0.487654321,4.23,0.978,0.721736369
0.540372671,3.82,0.979,0.716741098
0.450617284,4.5,0.977,0.684726457
0.512345679,3.45,0.979,0.703111742
0.453416149,4.17,0.981,0.660206199
0.549382716,3.7,0.979,0.729014347
0.388888889,4.36,0.975,0.700296462
0.530864198,4.5,0.973,0.756181886
0.469135802,4.06,0.977,0.709114397
0.639240506,2.99,0.981,0.742219396
0.524691358,3.8,0.981,0.718331273
0.469135802,3.1,0.98,0.617436091
0.487654321,3.12,0.975,0.693534052
0.37037037,4.28,0.981,0.640333406
0.561728395,3.63,0.983,0.725500378
0.527950311,3.25,0.979,0.666182362
0.4625,3.81,0.98,0.69547227
0.428571429,3.38,0.977,0.631225757
0.50617284,3.43,0.981,0.68671911
0.627329193,3.05,0.981,0.702611114
0.396226415,3.7,0.977,0.632158345
0.50617284,3.75,0.977,0.695620396
0.512345679,3.61,0.98,0.701115062
0.487654321,3.35,0.984,0.663551573
0.487654321,3.13,0.983,0.640771959
0.549382716,3.23,0.979,0.695589628
0.440993789,4.12,0.976,0.65878878
0.512345679,2.99,0.982,0.667953953
0.413580247,3.71,0.981,0.645938854
0.598765432,3.31,0.979,0.745765518
0.378881988,3.22,0.974,0.623297568
0.555555556,3.32,0.972,0.705344416
0.555555556,3.85,0.977,0.723885831
0.519480519,2.53,0.983,0.638811814
0.548387097,3.47,0.978,0.692015908
0.483870968,3.06,0.981,0.621265152
0.564935065,3.12,0.977,0.653152274
0.461538462,2.92,0.982,0.621008295
0.551282051,2.96,0.984,0.658531868
0.493506494,3.24,0.981,0.677495828
0.5,2.84,0.974,0.651153134
0.416666667,3.45,0.977,0.627173335
0.509677419,3.05,0.978,0.671564638
0.6,2.58,0.979,0.668098215
0.350649351,3.53,0.972,0.578638654
0.454545455,4.27,0.974,0.707935189
0.548387097,3.22,0.979,0.715880808
0.616883117,3.21,0.982,0.708775943
0.549019608,3.77,0.981,0.718172831
0.548387097,2.78,0.974,0.678428512
0.448717949,3.59,0.978,0.623669883
0.532051282,3.26,0.98,0.636737133
0.378205128,3.66,0.981,0.645264489
0.619354839,2.81,0.978,0.720974311
0.379084967,3.78,0.976,0.614616757
0.44516129,3.69,0.974,0.691583001
0.480769231,3.42,0.976,0.670858434
0.598765432,3.07,0.981,0.732468647
0.549382716,3.65,0.979,0.737396633
0.487654321,3.53,0.975,0.664460189
0.475308642,3.86,0.977,0.69424375
0.438271605,4.58,0.978,0.700715272
0.524691358,3.9,0.982,0.707245955
0.543209877,4.19,0.974,0.720196796
0.5,3.77,0.978,0.733222119
0.456790123,3.98,0.977,0.71002351
0.49382716,3.34,0.976,0.699325541
0.580246914,3.29,0.978,0.721344968
0.351851852,4.64,0.974,0.677929552
0.472049689,4.25,0.974,0.76396103
0.47826087,3.66,0.975,0.67673056
0.611111111,3.4,0.982,0.714649236
0.50617284,3.75,0.982,0.685761791
0.590062112,3,0.981,0.69406134
0.487654321,3.71,0.974,0.700725262
0.50931677,3.26,0.98,0.652604935
0.438271605,3.99,0.978,0.679627877
0.49382716,3.73,0.976,0.719208368
0.37037037,4.16,0.973,0.64660201
0.543209877,3.79,0.974,0.739816766
0.5,3.25,0.974,0.68086379
0.561728395,3.27,0.98,0.688476287
0.518518519,3.72,0.977,0.709723755
0.419753086,3.52,0.976,0.674134138
0.5,3.94,0.977,0.718627917
0.475308642,3.8,0.977,0.679642372
0.444444444,4.16,0.975,0.66765236
0.475308642,3.51,0.976,0.689679786
0.50617284,3.64,0.976,0.71088832
0.469135802,3.76,0.98,0.676602042
0.549382716,3.31,0.977,0.693762029
0.555555556,2.95,0.977,0.692494959
0.525,3.82,0.974,0.711194188
0.543209877,3.05,0.979,0.682262969
0.407407407,4.28,0.969,0.690296265
0.604938272,3.41,0.979,0.736403131
0.5,3.46,0.983,0.698834154
0.62962963,2.97,0.975,0.74329724
0.49068323,3.6,0.976,0.685143946
0.438271605,3.42,0.975,0.639840794
0.49382716,3.91,0.976,0.692633026
0.543209877,3.49,0.975,0.725096683
0.37037037,4.58,0.973,0.631380005
0.444444444,3.78,0.972,0.677815652
0.534161491,3.48,0.977,0.693480359
0.566037736,3.17,0.983,0.697484785
0.59375,3.98,0.978,0.760823465
0.447204969,3.89,0.971,0.649541458
0.465838509,3.93,0.978,0.687905891
0.496855346,3.84,0.978,0.718310238
0.358490566,4.27,0.972,0.664991892
0.561728395,3.47,0.976,0.726555864
0.477987421,4.05,0.973,0.725453852
0.419753086,4.34,0.971,0.708482525
0.51875,3.29,0.978,0.706592854
0.604938272,3.27,0.977,0.72009699
0.487654321,3.86,0.971,0.69964246
0.416149068,3.91,0.972,0.659143264
0.462962963,4.49,0.972,0.706444839
0.666666667,3.37,0.984,0.752904523
0.397515528,4.04,0.979,0.677488088
0.543209877,2.92,0.979,0.688778405
0.462962963,3.72,0.973,0.663318753
0.50617284,3.39,0.976,0.678376973
0.530864198,3.82,0.976,0.743183126
0.571428571,3.01,0.976,0.723043811
0.438271605,3.48,0.971,0.643024458
0.49689441,3.74,0.977,0.698323203
0.50617284,3.57,0.973,0.701650153
0.543209877,3.32,0.982,0.666440639
0.512345679,3.52,0.978,0.725633049
0.469135802,3.36,0.977,0.621485222
0.397515528,4.25,0.979,0.662222576
0.509433962,3.47,0.98,0.681882387
0.459627329,3.87,0.974,0.679398336
0.555555556,3.21,0.978,0.699169387
0.524691358,3.69,0.973,0.714487484
0.409937888,3.64,0.975,0.651239003
0.610062893,3.19,0.98,0.71496592
0.540372671,3.26,0.977,0.682365705
0.469135802,3.45,0.976,0.660912
0.432098765,3.86,0.973,0.653808671
0.462962963,3.93,0.978,0.66824113
0.62962963,3.51,0.984,0.781435919
0.49382716,3.56,0.978,0.668787992
0.567901235,3.02,0.98,0.661096977
0.339506173,3.99,0.975,0.631322047
0.530864198,2.94,0.979,0.669086967
0.62345679,3.08,0.981,0.732311885
0.567901235,3.36,0.975,0.710818794
0.450617284,3.65,0.978,0.646819859
0.456790123,3.53,0.972,0.656050367
0.444444444,3.6,0.973,0.681088207
0.602484472,3.74,0.983,0.721995969
0.602484472,4.11,0.978,0.808929111
0.456790123,3.72,0.976,0.708498922
0.555555556,4.25,0.974,0.787676046
0.440993789,4.1,0.979,0.713718702
0.456790123,4.13,0.978,0.728729809
0.62962963,3.52,0.978,0.774801636
0.52173913,4.36,0.978,0.763564162
0.413580247,4.32,0.978,0.702583595
0.617283951,3.61,0.979,0.78766506
0.391304348,4.04,0.97,0.658245515
0.395061728,4.83,0.976,0.691023401
0.580246914,3.56,0.982,0.746207637
0.335403727,4.57,0.974,0.68062645
0.37654321,4.85,0.972,0.695394315
0.5,4.01,0.977,0.716274264
0.543209877,4.21,0.984,0.781132955
0.5,3.54,0.978,0.702789656
0.604938272,3.22,0.981,0.753401772
0.462962963,4.01,0.98,0.719358158
0.395061728,3.77,0.978,0.656819688
0.62345679,3.71,0.981,0.794515637
0.592592593,3.61,0.977,0.743314726
0.425925926,4.43,0.971,0.697077596
0.462962963,3.75,0.972,0.705738017
0.512345679,3.81,0.978,0.716508134
0.559006211,3.56,0.982,0.721857546
0.607361963,3.54,0.977,0.760737236
0.537037037,3.65,0.978,0.695103719
0.440993789,4.21,0.977,0.694763016
0.433962264,3.97,0.98,0.701134394
0.530864198,3.64,0.981,0.729467141
0.567901235,3.44,0.976,0.728712741
0.450617284,3.69,0.977,0.713928721
0.574074074,3.65,0.977,0.770226919
0.613496933,3.18,0.982,0.715851257
0.425925926,3.62,0.971,0.652562916
0.35,4.67,0.978,0.672985084
0.537037037,3.36,0.976,0.712061605
0.366459627,4.54,0.979,0.665810899
0.425925926,4.08,0.975,0.676684304
0.487654321,4.05,0.978,0.692956468
0.571428571,3.81,0.978,0.727282573
0.456790123,3.63,0.978,0.667885628
0.586419753,3.12,0.978,0.740428108
0.469135802,3.42,0.979,0.683131375
0.407407407,3.87,0.979,0.666182701
0.555555556,3.33,0.983,0.714215859
0.546583851,3.41,0.973,0.70283066
0.518518519,3.28,0.975,0.667842605
0.549382716,3.3,0.976,0.69212156
0.425925926,3.58,0.978,0.661592691
0.641509434,3.26,0.98,0.754925769
0.56875,4.03,0.977,0.799938278
0.543209877,4.34,0.978,0.779915061
0.45625,4.1,0.972,0.741477157
0.50310559,4.57,0.979,0.723269599
0.527950311,4.27,0.98,0.75436154
0.524691358,4.45,0.977,0.766064284
0.50617284,4.13,0.979,0.742897319
0.590062112,4.03,0.98,0.793252146
0.55625,3.83,0.981,0.734818408
0.333333333,4.75,0.972,0.647841421
0.413580247,4.58,0.978,0.734953096
0.512345679,3.86,0.979,0.742386685
0.327160494,4.82,0.975,0.671193774
0.4125,4.18,0.97,0.694626376
0.49382716,3.88,0.975,0.729842716
0.559006211,3.58,0.98,0.73405945
0.549382716,3.2,0.978,0.65904511
0.487654321,3.83,0.981,0.742289382
0.59375,3.14,0.979,0.726531657
0.388888889,3.84,0.978,0.661751097
0.518518519,4.16,0.983,0.735314796
0.604938272,3.41,0.979,0.745078028
0.422360248,3.69,0.978,0.657142734
0.438271605,4.16,0.974,0.683927393
0.530864198,3.72,0.98,0.732552988
0.617283951,3.64,0.985,0.754937219
0.51875,4.38,0.977,0.775437282
0.40625,4.52,0.977,0.709627904
0.4375,3.92,0.973,0.678840133
0.49375,4.68,0.983,0.731753228
0.518518519,4.25,0.979,0.756682241
0.598765432,3.83,0.978,0.757472244
0.47826087,3.93,0.977,0.700516125
0.530864198,3.71,0.977,0.777334183
0.635802469,3.58,0.978,0.767921323
0.512345679,3.46,0.979,0.706872391
0.364197531,4.38,0.977,0.664059715
0.472049689,4.02,0.977,0.744804927
0.413580247,4.19,0.979,0.689212068
0.50310559,3.77,0.975,0.686261073
0.395061728,3.89,0.974,0.674398702
0.549382716,3.85,0.983,0.713590322
0.570552147,3.1,0.978,0.694137079
0.564417178,3.25,0.981,0.710912072
0.555555556,3.48,0.977,0.713122763
0.413580247,3.85,0.975,0.664133339
0.561728395,3.43,0.979,0.725870457
0.512345679,3.58,0.978,0.710083938
0.450617284,3.65,0.98,0.664799876
0.465838509,3.46,0.975,0.65172477
0.456790123,3.93,0.981,0.728553143
0.561904762,3.7,0.983,0.707724745
0.546296296,3.81,0.979,0.739591279
0.463636364,3.7,0.977,0.707496475
0.509433962,3.47,0.979,0.718215279
0.504854369,3.88,0.978,0.67958369
0.550458716,3.53,0.985,0.698668831
0.485436893,3.56,0.982,0.707111594
0.376146789,3.98,0.978,0.631754774
0.568807339,3.91,0.982,0.702492885
0.551401869,2.9,0.982,0.717859601
0.587155963,3.3,0.98,0.690361726
0.403669725,4.23,0.979,0.679257366
0.542857143,3.4,0.984,0.695301268
0.349056604,3.82,0.974,0.61440376
0.471698113,3.45,0.976,0.653276747
0.368932039,4.01,0.974,0.643317457
0.611111111,3.73,0.981,0.721225312
0.554545455,2.66,0.98,0.67490274
0.572727273,3.01,0.98,0.696179598
0.555555556,3.3,0.98,0.685802309
0.398058252,3.55,0.968,0.665091875
0.551401869,4.05,0.98,0.728891992
0.450980392,3.56,0.979,0.680253033
0.372727273,3.72,0.977,0.658930599
0.504504505,3.28,0.978,0.676216799
0.578431373,3.63,0.981,0.71295762
0.580246914,3.99,0.984,0.760071443
0.549382716,4.03,0.981,0.745982922
0.574074074,3.82,0.983,0.779902418
0.537037037,3.87,0.976,0.749343154
0.481481481,4.11,0.98,0.712702212
0.512345679,3.8,0.982,0.741335305
0.555555556,4.08,0.979,0.764987296
0.37037037,4.72,0.982,0.711448447
0.586419753,3.98,0.98,0.789610371
0.487654321,3.99,0.979,0.726092682
0.419753086,4.54,0.974,0.676524499
0.469135802,3.88,0.978,0.691703082
0.395061728,4.28,0.981,0.664713699
0.481481481,3.95,0.978,0.696513332
0.549382716,3.82,0.979,0.706989472
0.450617284,3.92,0.979,0.691271313
0.37654321,3.66,0.98,0.660017523
0.475308642,3.42,0.978,0.650997497
0.543209877,3.26,0.979,0.714208727
0.530864198,3.31,0.98,0.718654407
0.401234568,3.88,0.972,0.655012889
0.549382716,3.61,0.981,0.698155224
0.518518519,3.81,0.977,0.734739418
0.5,3.52,0.976,0.669024716
0.537037037,3.64,0.973,0.703069498
0.567901235,3.37,0.981,0.69685304
0.604938272,3.63,0.981,0.761154838
0.481481481,4.34,0.979,0.743793982
0.432098765,4.31,0.977,0.713906257
0.611111111,3.67,0.981,0.739904389
0.432098765,4.43,0.98,0.706984682
0.567901235,3.8,0.98,0.76095816
0.487654321,4.25,0.974,0.716038553
0.432098765,4.66,0.981,0.719418865
0.537037037,4.02,0.982,0.750839612
0.561728395,3.86,0.978,0.751585935
0.456790123,4.34,0.974,0.707579036
0.37037037,4.12,0.979,0.660401942
0.475308642,3.31,0.982,0.675464159
0.549382716,4.12,0.981,0.773132221
0.543209877,3.67,0.978,0.741758928
0.438271605,4.08,0.982,0.719928775
0.456790123,3.98,0.981,0.670933685
0.524691358,3.45,0.977,0.69525794
0.561728395,3.1,0.974,0.696365728
0.50617284,3.58,0.981,0.711532465
0.419753086,3.68,0.976,0.64185123
0.555555556,3.34,0.976,0.701775129
0.518518519,3.55,0.981,0.707764987
0.5,3.62,0.979,0.6611765
0.487654321,3.7,0.973,0.699971216
0.487654321,3.79,0.976,0.71897064
0.524691358,3.71,0.981,0.719305464
0.530864198,4.18,0.977,0.782113209
0.5,3.96,0.98,0.699440572
0.456790123,4.13,0.981,0.706846382
0.462962963,4.26,0.977,0.720071978
0.641975309,3.49,0.98,0.772787142
0.518518519,3.92,0.98,0.716397878
0.5,3.85,0.98,0.703140083
0.416149068,4.06,0.978,0.685807862
0.537037037,3.78,0.977,0.74236005
0.475308642,4.48,0.975,0.733013549
0.456790123,4.31,0.979,0.704887103
0.428571429,3.91,0.977,0.689121803
0.549382716,3.86,0.98,0.748938104
0.49382716,3.57,0.978,0.678019862
0.596273292,3.75,0.981,0.726839394
0.432098765,4.16,0.977,0.670773301
0.49382716,3.32,0.979,0.695174872
0.487654321,3.17,0.975,0.654835766
0.48447205,3.31,0.978,0.672896782
0.555555556,3.6,0.979,0.688858675
0.5,3.62,0.975,0.739162763
0.462962963,3.11,0.98,0.672455289
0.567901235,3.48,0.977,0.688621005
0.407407407,4.39,0.973,0.702612983
0.518518519,3.58,0.982,0.667863105
0.51552795,4.38,0.98,0.765492008
0.5,4.06,0.977,0.77574149
0.555555556,3.91,0.982,0.71626521
0.524691358,4.07,0.982,0.70471258
0.37037037,4.91,0.977,0.710336994
0.52173913,3.78,0.977,0.741673254
0.561728395,3.49,0.98,0.711808137
0.475308642,4.48,0.98,0.731844435
0.440993789,4.39,0.977,0.698492452
0.602484472,3.69,0.979,0.766952905
0.475308642,4.41,0.977,0.726672644
0.456790123,4.68,0.98,0.736648431
0.385093168,4.56,0.98,0.701371185
0.614906832,3.31,0.98,0.755609179
0.407407407,4.19,0.976,0.677536635
0.47826087,4.16,0.979,0.713609561
0.552795031,3.71,0.98,0.702810417
0.512345679,3.66,0.976,0.707048402
0.586419753,2.96,0.974,0.708826202
0.52173913,3.55,0.981,0.684768
0.604938272,3.11,0.982,0.708314042
0.462962963,3.68,0.978,0.694515445
0.354037267,3.97,0.979,0.658726881
0.512345679,3.4,0.98,0.687044818
0.382716049,3.61,0.977,0.644532774
0.62345679,3.1,0.983,0.714336754
0.450617284,4.3,0.978,0.721420259
0.590062112,3.93,0.979,0.756927739
0.567901235,3.84,0.983,0.74135254
0.444444444,3.93,0.981,0.672295441
0.518518519,4.58,0.975,0.766971618
0.537037037,4.02,0.982,0.759947721
0.469135802,3.82,0.98,0.700876995
0.438271605,4.77,0.98,0.751091659
0.47826087,4.01,0.976,0.706442011
0.555555556,4.11,0.979,0.777404669
0.469135802,4.31,0.978,0.711574667
0.413580247,4.65,0.975,0.722067033
0.537037037,4.11,0.98,0.757214818
0.530864198,4.08,0.984,0.75427478
0.447204969,3.97,0.978,0.699417025
0.4375,4.49,0.98,0.716654507
0.530864198,3.91,0.978,0.712159772
0.592592593,3.15,0.978,0.70252918
0.450617284,3.76,0.972,0.680912597
0.48447205,3.78,0.979,0.699317393
0.666666667,3.11,0.978,0.739224184
0.534161491,3.85,0.978,0.725044646
0.395061728,3.9,0.978,0.69469555
0.456790123,3.99,0.978,0.708904824
0.512345679,3.33,0.977,0.694717936
0.49068323,3.37,0.981,0.635630805
0.413580247,5.01,0.982,0.739158337
0.481481481,4.77,0.982,0.778661771
0.462962963,4.38,0.981,0.724564574
0.475308642,4.3,0.981,0.733169306
0.37654321,5.28,0.975,0.744086451
0.604938272,4.02,0.98,0.798244652
0.512345679,3.86,0.979,0.738544534
0.524691358,4.63,0.984,0.75582383
0.561728395,4.62,0.976,0.773048083
0.549382716,4.36,0.983,0.753150623
0.5,4.32,0.977,0.759621202
0.481481481,4.49,0.98,0.761190719
0.462962963,4.63,0.976,0.763816803
0.592592593,3.74,0.982,0.780034059
0.428571429,4.63,0.982,0.73974329
0.472049689,4.55,0.979,0.757144899
0.518518519,4.24,0.979,0.754933636
0.469135802,3.84,0.981,0.691100834
0.450617284,3.72,0.975,0.678468619
0.561728395,3.92,0.976,0.727236349
0.567901235,3.84,0.978,0.771490368
0.49382716,4.18,0.98,0.736540949
0.49382716,4.2,0.98,0.731907585
0.401234568,4.27,0.976,0.708962844
0.555555556,3.68,0.98,0.751706146
0.586419753,3.91,0.982,0.719021188
0.335403727,4.54,0.981,0.66275589
0.549382716,3.97,0.984,0.775400654
0.462962963,4.32,0.979,0.703626366
0.440993789,4.12,0.976,0.670923021
0.481481481,4.16,0.98,0.699173787
0.543209877,3.71,0.982,0.70163025
0.52173913,3.65,0.98,0.710647096
0.561728395,3.93,0.986,0.757705915
0.537037037,3.45,0.981,0.686793487
0.527950311,4.26,0.978,0.727876509
0.641975309,3.44,0.983,0.731576605
0.422360248,4.15,0.98,0.713530208
0.434782609,4.05,0.979,0.687381807
0.537037037,3.8,0.982,0.750320928
0.3375,4.09,0.976,0.645805117
0.475308642,3.84,0.98,0.693054085
0.540372671,3.35,0.98,0.674886402
0.50617284,3.41,0.978,0.654365572
0.583850932,2.96,0.977,0.65553617
0.5,3.08,0.978,0.680305483
0.625,2.91,0.981,0.720508645
0.403726708,4.14,0.976,0.657971848
0.53125,3.47,0.98,0.686324668
0.51552795,3.28,0.981,0.661136355
0.512345679,3.39,0.98,0.685423547
0.469135802,3.47,0.981,0.646294294
0.537037037,4,0.986,0.703887808
0.512345679,4.01,0.98,0.753504021
0.561728395,3.28,0.985,0.695595582
0.428571429,4.23,0.975,0.711091422
0.450617284,3.65,0.981,0.673454454
0.364197531,4.53,0.979,0.667207915
0.567901235,3.55,0.982,0.701347142
0.49382716,4.28,0.982,0.73492929
0.5,3.8,0.975,0.697692179
0.459627329,4.5,0.98,0.72204141
0.611111111,3.09,0.979,0.711823029
0.450617284,4,0.977,0.701140582
0.512345679,3.91,0.978,0.718878125
0.549382716,3.58,0.98,0.720623145
0.39375,3.7,0.976,0.646531272
0.574074074,3.43,0.981,0.706397622
0.462962963,3.73,0.98,0.678969268
0.530864198,3.64,0.977,0.650140919
0.48125,2.95,0.981,0.64418828
0.5,3.48,0.979,0.679153639
0.537037037,3.29,0.976,0.694661687
0.413580247,4.04,0.979,0.676908341
0.456790123,3.64,0.975,0.669791229
0.549382716,3.38,0.976,0.688736708
0.567901235,3.3,0.982,0.703384367
0.530864198,3.36,0.983,0.683960376
0.472049689,4.04,0.985,0.697567809
0.543209877,3.72,0.98,0.738687917
0.49382716,3.79,0.977,0.719609264
0.580246914,3.61,0.98,0.697686357
0.475308642,4.26,0.981,0.714275867
0.487654321,4.39,0.979,0.744329277
0.465838509,3.93,0.98,0.723157788
0.456790123,4.12,0.983,0.705133865
0.456790123,4.08,0.976,0.703602298
0.413580247,4.21,0.98,0.662344339
0.635802469,3.18,0.986,0.724606294
0.475308642,3.69,0.979,0.705179314
0.512345679,3.83,0.979,0.705537553
0.530864198,3.84,0.986,0.747098575
0.401234568,4.58,0.974,0.704883041
0.475308642,4.34,0.98,0.704806027
0.561728395,3.39,0.983,0.721578748
0.462962963,3.61,0.978,0.657007754
0.530864198,3.72,0.979,0.709679365
0.524691358,3.37,0.982,0.691683728
0.561728395,3.42,0.978,0.730252291
0.475308642,4.07,0.981,0.68879346
0.586419753,3.4,0.979,0.735944198
0.462962963,3.68,0.977,0.699730165
0.524691358,4.08,0.983,0.717071191
0.432098765,3.87,0.979,0.678032089
0.413580247,4.59,0.986,0.718447544
0.518518519,4.01,0.981,0.740805264
0.5,3.69,0.984,0.685266343
0.537037037,3.79,0.982,0.72489752
0.351851852,4.23,0.976,0.660785782
0.518518519,4.51,0.983,0.748013526
0.50617284,3.92,0.98,0.72079019
0.586419753,3.69,0.985,0.762032461
0.512345679,4.14,0.981,0.733481197
0.438271605,4.42,0.979,0.701727702
0.518518519,4.57,0.982,0.716550096
0.512345679,3.79,0.983,0.709829395
0.524691358,4.47,0.979,0.763280757
0.561728395,3.5,0.98,0.71921115
0.580246914,3.49,0.978,0.720442054
0.48125,4.03,0.982,0.698453002
0.456790123,3.83,0.979,0.721071161
0.401234568,4,0.974,0.654182784
0.574074074,3.06,0.98,0.683864215
0.440993789,3.64,0.979,0.664850636
0.47826087,3.56,0.977,0.681783816
0.481481481,3.86,0.981,0.661560519
0.604938272,3.44,0.981,0.736514696
0.518518519,3.57,0.982,0.670769241
0.462962963,4.03,0.982,0.686593162
0.518518519,3.69,0.983,0.679165253
0.549382716,3.79,0.985,0.735385601
0.450617284,3.58,0.978,0.66675294
0.444444444,3.84,0.979,0.635731482
0.530864198,3.82,0.979,0.718814209
0.469135802,4.11,0.978,0.702944564
0.462962963,4.6,0.981,0.744066776
0.444444444,3.81,0.98,0.675745212
0.555555556,3.7,0.985,0.730444782
0.567901235,3.43,0.986,0.705688752
0.469135802,4.21,0.982,0.731498073
0.592592593,3.73,0.979,0.730430849
0.395061728,4.55,0.982,0.723706783
0.475308642,4.09,0.975,0.711211751
0.592592593,3.91,0.985,0.745163807
0.604938272,3.14,0.982,0.703010628
0.481481481,3.39,0.982,0.669852822
0.555555556,3.46,0.984,0.710590843
0.5,3.72,0.982,0.669363369
0.388888889,3.41,0.973,0.651397178
0.537037037,3.25,0.98,0.679983082
0.444444444,3.66,0.981,0.650810894
0.432098765,4.11,0.978,0.693267886
0.592592593,3.35,0.984,0.705694534
0.50617284,3.56,0.982,0.698270415
0.444444444,3.61,0.982,0.654631568
0.512345679,3.38,0.985,0.696414871
0.524691358,4.31,0.984,0.758016749
0.49382716,3.77,0.98,0.721115084
0.438271605,4.34,0.98,0.709531372
0.580246914,3.7,0.982,0.749551169
0.469135802,4.58,0.976,0.741837801
0.524691358,4.65,0.979,0.795749881
0.518518519,4.04,0.984,0.7137904
0.438271605,4.71,0.984,0.709049418
0.425925926,4.45,0.979,0.704283907
0.543209877,4.35,0.984,0.787120473
0.419753086,4.9,0.982,0.723288647
0.50617284,4.2,0.985,0.741828555
0.530864198,4.28,0.979,0.757611375
0.586419753,4.21,0.982,0.783935786
0.641975309,3.14,0.983,0.737492137
0.518518519,4.18,0.982,0.737434491
0.450617284,4.51,0.98,0.719607391
0.413580247,5.41,0.973,0.743064198
0.395061728,4.13,0.98,0.656880804
0.524691358,3.49,0.979,0.737173859
0.5,3.5,0.979,0.703329268
0.580246914,3.55,0.975,0.709028211
0.364197531,4.05,0.975,0.695187459
0.598765432,3.95,0.977,0.77563972
0.462962963,4.77,0.983,0.724318535
0.37654321,4.23,0.974,0.696480542
0.635802469,3.61,0.984,0.764588663
0.537037037,4.09,0.975,0.736307489
0.5625,4.31,0.986,0.783850065
0.469565217,4.93,0.981,0.752764301
0.408695652,5.42,0.983,0.741161786
0.592920354,3.95,0.981,0.810883229
0.584070796,4.36,0.98,0.835110457
0.460869565,5.38,0.981,0.804752629
0.556521739,4.23,0.982,0.751685523
0.469026549,5.68,0.982,0.763200273
0.460869565,4.62,0.981,0.740393324
0.619469027,4.34,0.982,0.835235214
0.447368421,4.82,0.979,0.730958933
0.4375,4.99,0.977,0.783959971
0.456140351,5.45,0.976,0.787259484
0.47826087,4.7,0.981,0.757415788
0.596491228,3.57,0.982,0.766316619
0.433628319,4.47,0.982,0.726078443
0.578947368,3.78,0.983,0.798120034
0.452991453,5.15,0.981,0.775270944
0.443478261,4.5,0.978,0.721182043
0.573913043,3.97,0.984,0.788556475
0.50877193,4.23,0.98,0.747233607
0.649122807,3.56,0.979,0.775510333
0.486725664,4.13,0.98,0.703273159
0.469565217,3.85,0.978,0.719520563
0.464912281,4.64,0.981,0.704753514
0.401709402,4.08,0.975,0.72826487
0.47826087,3.99,0.985,0.71540189
0.464912281,5.14,0.982,0.751118737
0.493055556,4.31,0.986,0.767977329
0.597222222,4.39,0.978,0.807201146
0.537931034,4.52,0.982,0.798287518
0.472222222,4.85,0.98,0.784647256
0.694444444,3.83,0.982,0.8383242
0.416666667,5.49,0.981,0.728356429
0.486111111,4.49,0.984,0.721483807
0.388888889,5.76,0.981,0.760088743
0.451388889,4.82,0.981,0.741988077
0.548611111,4.56,0.986,0.777397557
0.465277778,4.93,0.981,0.760000373
0.544827586,4.5,0.98,0.795498473
0.513888889,4.66,0.982,0.746188198
0.388888889,4.88,0.982,0.734453613
0.625,3.44,0.982,0.732057745
0.506944444,4.13,0.979,0.754801411
0.590277778,4.03,0.986,0.780011116
0.534722222,4.97,0.981,0.815781347
0.468531469,4.27,0.979,0.737871632
0.527777778,4.06,0.979,0.746753837
0.541666667,3.66,0.976,0.727194869
0.458333333,4.11,0.98,0.708915771
0.479166667,3.88,0.979,0.727511466
0.479166667,4.21,0.982,0.713212425
0.402777778,4.7,0.978,0.71807365
0.486111111,4.13,0.98,0.728803993
0.465277778,4.86,0.981,0.721213684
0.433566434,4.09,0.98,0.684604966
0.543209877,5.15,0.984,0.819611054
0.524691358,5,0.978,0.811834331
0.434782609,5.31,0.979,0.768737801
0.524691358,4.53,0.982,0.807110321
0.614906832,4.35,0.98,0.843026625
0.327160494,6.38,0.978,0.742669228
0.465838509,4.55,0.982,0.72883545
0.481481481,5.3,0.984,0.7788447
0.49382716,5.17,0.978,0.791135887
0.567901235,4.65,0.985,0.796293635
0.481481481,5.2,0.984,0.792252147
0.527950311,5.21,0.981,0.845693705
0.555555556,4.66,0.986,0.827299741
0.456790123,4.58,0.982,0.74353927
0.592592593,3.54,0.98,0.764638116
0.469135802,4.36,0.983,0.716671544
0.5,4.33,0.98,0.752415727
0.512345679,5.6,0.976,0.821314627
0.49382716,3.95,0.982,0.718320762
0.50617284,4.38,0.978,0.726817979
0.555555556,3.48,0.98,0.699897921
0.543209877,3.78,0.98,0.728504034
0.438271605,4.22,0.975,0.735696658
0.413580247,4.49,0.981,0.708603312
0.450617284,4.64,0.98,0.734377508
0.561728395,3.73,0.981,0.737622931
0.419753086,4.72,0.978,0.715603551
0.543209877,3.98,0.98,0.733909757
0.518518519,4.52,0.98,0.760266465
0.604938272,3.91,0.984,0.7664883
0.481481481,4.87,0.978,0.812061698
0.49689441,4.74,0.978,0.757770952
0.534161491,4.73,0.983,0.824245358
0.487654321,4.56,0.985,0.74400241
0.416149068,4.71,0.985,0.737864861
0.419753086,5.02,0.983,0.737859399
0.48447205,4.22,0.98,0.719725307
0.592592593,3.84,0.983,0.798119025
0.401234568,5.49,0.98,0.758516992
0.555555556,4.79,0.98,0.837067131
0.475308642,4.68,0.981,0.770413076
0.469135802,3.92,0.983,0.694735106
0.62345679,3.18,0.982,0.766566821
0.419753086,4.44,0.98,0.714724061
0.469135802,4.42,0.982,0.70654196
0.512345679,5.25,0.983,0.830253402
0.567901235,3.83,0.981,0.736761905
0.518518519,3.67,0.979,0.739267961
0.543209877,3.63,0.981,0.746808774
0.481481481,4.14,0.979,0.734494818
0.543209877,3.95,0.982,0.73390321
0.419753086,4.87,0.982,0.705643766
0.487654321,4.28,0.979,0.724802484
0.469135802,4.99,0.98,0.748549021
0.555555556,4.41,0.98,0.749765396
0.450617284,3.9,0.98,0.717830354
0.524691358,4.49,0.983,0.747700488
0.487654321,4.73,0.987,0.790031156
0.567901235,4.19,0.983,0.805969459
0.49382716,5.24,0.977,0.780373807
0.549382716,4.45,0.982,0.794183149
0.401234568,4.93,0.982,0.733946888
0.447204969,5.16,0.98,0.720596047
0.432098765,4.76,0.982,0.714936228
0.703703704,3.82,0.984,0.822210434
0.456790123,4.83,0.977,0.731417686
0.472049689,4.95,0.979,0.808916137
0.388888889,4.35,0.985,0.703529733
0.543209877,5,0.98,0.817716854
0.543209877,4.29,0.979,0.780857275
0.401234568,4.64,0.984,0.700851378
0.654320988,3.25,0.985,0.790470638
0.552147239,4.5,0.984,0.768551036
0.475308642,4.44,0.98,0.737610196
0.475308642,5,0.984,0.806263422
0.333333333,5.2,0.979,0.686128207
0.62962963,3.5,0.983,0.786904106
0.512345679,3.81,0.978,0.695580924
0.456790123,4.63,0.982,0.720689174
0.401234568,4.39,0.975,0.69879271
0.543209877,3.77,0.984,0.72217534
0.462962963,4.64,0.982,0.719770667
0.425925926,3.91,0.977,0.678248268
0.604938272,3.63,0.983,0.735768109
0.54601227,4.19,0.984,0.772304205
0.512345679,4.32,0.978,0.778901441
0.432098765,4.79,0.983,0.713877254
0.481481481,4.77,0.986,0.797209161
0.580246914,4,0.979,0.795369177
0.465838509,4.92,0.977,0.764617711
0.598765432,4.9,0.983,0.838592905
0.428571429,5.18,0.982,0.761023732
0.397515528,5.35,0.98,0.777015219
0.39375,5.02,0.985,0.709256501
0.604938272,4.13,0.982,0.816431093
0.537037037,4.69,0.98,0.795912448
0.487654321,5.24,0.981,0.796284538
0.425925926,5.06,0.978,0.749526753
0.586419753,5.07,0.981,0.840222172
0.518518519,4.92,0.983,0.804407231
0.617283951,3.77,0.983,0.803503341
0.635802469,3.63,0.982,0.773995411
0.413580247,5.27,0.977,0.747543091
0.588957055,3.99,0.983,0.789763597
0.444444444,6.02,0.981,0.817416857
0.395061728,4.9,0.979,0.71589539
0.598765432,3.84,0.983,0.773067
0.475308642,4.45,0.978,0.756967775
0.459627329,5.07,0.979,0.775691669
0.419753086,4.69,0.974,0.746074332
0.595092025,4.27,0.989,0.795441584
0.475308642,4.93,0.983,0.779238692
0.48447205,4.33,0.976,0.748581717
0.456790123,4.47,0.979,0.723300332
0.530864198,4.71,0.983,0.785911681
0.465838509,4.74,0.978,0.761109122
0.50617284,5,0.978,0.822362917
0.456790123,5.37,0.981,0.77333365
0.524691358,4.23,0.982,0.762173594
0.586419753,4.66,0.978,0.823762991
0.555555556,4.84,0.988,0.835123953
0.487654321,4.71,0.983,0.778963649
0.475308642,5.48,0.983,0.771931581
0.425925926,5.15,0.983,0.743065928
0.540372671,4.76,0.981,0.801022674
0.565217391,4.58,0.978,0.814469154
0.561728395,4.5,0.984,0.80120743
0.428571429,4.86,0.981,0.724454532
0.438271605,5.52,0.978,0.796368316
0.512345679,5.14,0.984,0.805873251
0.524691358,4.35,0.982,0.759435922
0.586419753,4.05,0.979,0.771377703
0.401234568,5.25,0.983,0.74260729
0.524691358,4.33,0.982,0.786711071
0.50617284,5.26,0.985,0.816356936
0.49068323,4.59,0.98,0.736459292
0.444444444,5.41,0.978,0.832258952
0.530864198,4.1,0.978,0.768559131
0.450617284,4.64,0.981,0.724582771
0.413580247,5.13,0.978,0.756188602
0.580246914,4.16,0.98,0.774468194
0.401234568,4.77,0.983,0.725765095
0.425925926,4.93,0.979,0.757382445
0.469135802,4.52,0.977,0.729342349
0.598765432,4.21,0.985,0.832314083
0.586419753,4.38,0.981,0.805856376
0.462962963,4.2,0.983,0.726063889
0.391304348,4.67,0.979,0.692465473
0.50931677,4.15,0.981,0.767725318
0.512345679,4.55,0.981,0.782152357
0.561728395,4.64,0.982,0.803477503
0.407407407,5.01,0.979,0.726768817
0.401234568,4.87,0.981,0.724946079
0.524691358,4.51,0.982,0.765245145
0.59375,4.02,0.982,0.76423318
0.62962963,3.59,0.98,0.777992516
0.716049383,3.54,0.986,0.803064734
0.382716049,4.94,0.977,0.70247821
0.450617284,5.71,0.981,0.809874923
0.49382716,4.28,0.985,0.749050471
0.567901235,3.87,0.986,0.778445509
0.543209877,3.59,0.983,0.733283295
0.543209877,4.03,0.982,0.76164823
0.407407407,4.77,0.978,0.738415569
0.450617284,5.29,0.984,0.833541163
0.469135802,4.32,0.983,0.744142954
0.574074074,4.37,0.982,0.79198359
0.530864198,4.25,0.981,0.744115083
0.419753086,4.64,0.983,0.738269404
0.419753086,4.68,0.982,0.709967652
0.50617284,4.07,0.983,0.704155891
0.530864198,4.15,0.985,0.741755664
0.382716049,5.05,0.978,0.70001393
0.487654321,4.52,0.976,0.732870563
0.555555556,4.18,0.981,0.799671871
0.574074074,3.93,0.982,0.775270511
0.598765432,3.7,0.983,0.758076989
0.341614907,5.29,0.979,0.698962552
0.407407407,4.62,0.979,0.701168733
0.574074074,4.07,0.985,0.76760528
0.590062112,3.54,0.985,0.782299439
0.611111111,3.69,0.986,0.76886589
0.604938272,3.92,0.985,0.766886568
0.63125,3.13,0.982,0.737564916
0.413580247,4.46,0.985,0.706741789
0.574074074,3.75,0.983,0.784488467
0.413580247,4.29,0.981,0.731032445
0.5,4.53,0.984,0.784622333
0.481481481,4.27,0.981,0.733337119
0.456790123,4.91,0.981,0.728596232
0.450617284,5.2,0.982,0.756198823
0.341614907,4.93,0.977,0.674591741
0.487654321,4.36,0.983,0.735970633
0.518518519,4,0.986,0.750632586
0.382716049,5.21,0.979,0.718213121
0.567901235,3.69,0.985,0.725536771
0.345679012,4.73,0.983,0.706188704
0.583850932,4.12,0.987,0.765648457
0.512345679,3.97,0.978,0.749475834
0.465838509,3.89,0.976,0.71179824
0.639751553,3.87,0.979,0.804043221
0.635802469,3.68,0.984,0.765683848
0.49689441,4.17,0.986,0.757423039
0.447204969,4.23,0.982,0.693782632
0.444444444,5.15,0.984,0.789735659
0.481481481,4.8,0.982,0.754118035
0.475308642,4.28,0.982,0.739642778
0.518518519,3.84,0.983,0.744004353
0.62345679,4.1,0.981,0.821904961
0.438271605,4.76,0.983,0.724861961
0.586419753,4.48,0.982,0.848858628
0.530864198,4.17,0.984,0.772787264
0.543209877,3.83,0.983,0.736112079
0.425925926,5.09,0.977,0.705449158
0.419753086,4.21,0.98,0.712308467
0.456790123,5.2,0.981,0.786171472
0.265432099,5.3,0.978,0.672050307
0.561728395,4.04,0.987,0.749491089
0.537037037,3.86,0.985,0.760609044
0.512345679,5.06,0.982,0.758320924
0.524691358,3.16,0.981,0.664089441
0.419753086,5.02,0.981,0.742285686
0.555555556,4.41,0.985,0.768593482
0.512345679,4.01,0.983,0.724165002
0.62345679,4.02,0.981,0.803301972
0.409937888,4.48,0.98,0.684051496
0.592592593,3.63,0.983,0.739587918
0.530864198,4.04,0.984,0.758324284
0.462962963,4.64,0.98,0.751124006
0.395061728,4.87,0.983,0.71740802
0.574074074,3.76,0.989,0.751174508
0.621118012,3.73,0.987,0.761125267
0.524691358,4.6,0.987,0.799297624
0.388888889,4.93,0.983,0.720581581
0.438271605,5.67,0.985,0.777688621
0.530864198,4.69,0.981,0.79702985
0.567901235,4.28,0.985,0.764258563
0.314814815,4.98,0.977,0.700446191
0.592592593,3.74,0.981,0.773023742
0.481481481,4.7,0.982,0.773613716
0.604938272,4.18,0.981,0.828546301
0.512345679,4.91,0.984,0.785188061
0.549382716,3.81,0.986,0.784711714
0.469135802,5.19,0.981,0.741248417
0.49382716,4.81,0.983,0.789565206
0.419753086,5.54,0.986,0.796303282
0.444444444,4.93,0.977,0.782885405
0.512345679,4.1,0.986,0.731635444
0.567901235,4.05,0.983,0.774239472
0.358024691,5.15,0.978,0.71298849
0.574074074,4.01,0.988,0.749884664
0.416149068,4.24,0.981,0.702139761
0.567901235,4.03,0.984,0.758350499
0.413580247,4.33,0.984,0.702724988
0.62345679,4.69,0.984,0.805179024
0.438271605,4.09,0.978,0.720908086
0.561728395,4.17,0.986,0.772416025
0.530864198,4.45,0.987,0.784770668
0.447204969,4.29,0.983,0.713536621
0.537037037,4.03,0.982,0.753738376
0.388888889,4.76,0.983,0.724012156
0.561728395,4.29,0.984,0.790716875
0.648148148,3.75,0.985,0.802368197
0.434782609,4.81,0.98,0.721770486
0.549382716,4.53,0.981,0.782390353
0.416149068,4.91,0.985,0.726162334
0.611111111,3.61,0.985,0.740913832
0.574074074,3.61,0.983,0.784159089
0.512345679,3.71,0.984,0.709485285
0.438271605,4.51,0.982,0.746303973
0.345679012,5.49,0.979,0.711484151
0.586419753,4.52,0.984,0.799482413
0.586419753,4.74,0.982,0.809967595
0.49382716,4.06,0.985,0.731322811
0.456790123,4.56,0.982,0.757250285
0.413580247,5.39,0.979,0.74866792
0.586419753,3.68,0.985,0.732783125
0.543209877,3.69,0.986,0.73371778
0.487654321,4.96,0.982,0.794046945
0.425925926,4.49,0.986,0.705065325
0.617283951,3.49,0.984,0.757069018
0.549382716,3.51,0.985,0.724416006
0.5,3.97,0.98,0.747861918
0.487654321,4.19,0.983,0.76068016
0.450617284,5.15,0.983,0.780558077
0.413580247,4.42,0.981,0.717152153
0.555555556,3.98,0.986,0.765173992
0.543209877,4.21,0.985,0.768583115
0.512345679,4.16,0.983,0.743873891
0.512345679,3.76,0.983,0.734114614
0.5,3.87,0.985,0.699745827
0.50617284,4.13,0.982,0.721695731
0.475308642,4.84,0.985,0.75002845
0.462962963,4.33,0.985,0.711115031
0.438271605,4.38,0.983,0.71573336
0.413580247,5.13,0.981,0.738711837
0.469135802,4.48,0.983,0.750797389
0.487654321,4.6,0.984,0.788231304
0.432098765,5.35,0.983,0.757191476
0.530864198,4.83,0.989,0.781975505
0.555555556,4.61,0.985,0.803042943
0.407407407,4.74,0.982,0.737987215
0.49382716,4.51,0.979,0.764158681
0.481481481,4.41,0.981,0.802461948
0.469135802,4.66,0.985,0.770190773
0.586419753,3.84,0.983,0.774357363
0.481481481,4.37,0.979,0.760153622
0.50617284,4.08,0.987,0.735220368
0.382716049,5.65,0.984,0.73886236
0.549382716,4.04,0.979,0.757092456
0.543209877,4.23,0.982,0.77812181
0.462962963,4.82,0.98,0.740313486
0.592592593,3.95,0.986,0.769234349
0.598765432,4.41,0.983,0.819588245
0.598765432,4.14,0.983,0.775345276
0.574074074,4.21,0.986,0.749685144
0.524691358,4.6,0.983,0.786601014
0.413580247,4.52,0.983,0.715987532
0.543209877,3.87,0.985,0.746883573
0.481481481,4.6,0.985,0.744391308
0.472049689,4.63,0.985,0.742266361
0.51552795,4.54,0.984,0.764258228
0.37654321,4.96,0.981,0.730199999
0.49382716,4.6,0.984,0.782632777
0.537037037,4.37,0.984,0.807347778
0.438271605,5.03,0.978,0.751204719
0.555555556,4.13,0.983,0.730300024
0.518518519,4.11,0.983,0.771337804
0.425925926,5.17,0.987,0.74312368
0.592592593,3.87,0.986,0.802302069
0.444444444,4.77,0.982,0.717915205
0.524691358,4.04,0.984,0.752041695
0.444444444,4.94,0.984,0.767201767
0.592592593,4.05,0.985,0.765799292
0.552147239,4.32,0.989,0.787903722
0.543209877,4.57,0.984,0.798900905
0.438271605,4.94,0.977,0.777749318
0.450617284,4.68,0.983,0.738058161
0.425925926,4.48,0.982,0.702095684
0.580246914,4.23,0.983,0.761179449
0.50617284,4.2,0.981,0.74123041
0.512345679,4.41,0.982,0.778926459
0.487654321,4.15,0.984,0.717796245
0.580246914,4.49,0.985,0.824229946
0.543209877,4.26,0.983,0.772055685
0.469135802,4.28,0.985,0.742552022
0.549382716,4.73,0.986,0.80542997
0.419753086,4.93,0.986,0.730681532
0.54601227,3.7,0.985,0.729255138
0.543209877,4.73,0.985,0.757343246
0.438271605,4.19,0.986,0.706041529
0.481481481,4.65,0.98,0.739865885
0.407407407,5.53,0.98,0.766569305
0.462962963,4.75,0.98,0.750136945
0.512345679,4,0.984,0.743361893
0.450617284,4.58,0.982,0.711212581
0.518518519,3.68,0.984,0.728958541
0.617283951,4,0.985,0.739505803
0.462962963,4.5,0.984,0.713432953
0.534161491,4.39,0.989,0.733599837
0.52173913,4.44,0.98,0.753709847
0.456790123,4.91,0.981,0.782054845
0.456790123,4.77,0.985,0.746978823
0.5,4.46,0.985,0.754304046
0.456790123,4.55,0.981,0.725046676
0.602484472,3.87,0.983,0.794455802
0.54601227,4.11,0.983,0.775423135
0.586419753,4.01,0.986,0.801497167
0.422360248,5.15,0.983,0.760272364
0.50617284,3.99,0.981,0.738746704
0.444444444,4.47,0.983,0.750578007
0.555555556,3.87,0.984,0.751206448
0.539877301,4.18,0.982,0.748425038
0.549382716,4.28,0.986,0.762504274
0.549382716,4.07,0.986,0.759398206
0.465838509,4.01,0.984,0.682581124
0.567901235,3.89,0.985,0.764818343
0.413580247,5.1,0.983,0.719124737
0.388888889,4.41,0.986,0.70323342
0.37654321,4.73,0.984,0.704984095
0.444444444,4.38,0.983,0.69988196
0.530864198,4.2,0.986,0.78126606
0.598765432,3.82,0.985,0.757982294
0.487654321,5.37,0.978,0.812266167
0.530864198,3.49,0.986,0.727107742
0.366459627,4.66,0.98,0.689986406
0.432098765,4.44,0.979,0.740132879
0.530864198,3.57,0.985,0.741101448
0.395061728,5.16,0.985,0.745345689
0.586419753,4.35,0.987,0.801213147
0.487654321,4.16,0.982,0.735657596
0.51552795,3.84,0.982,0.734264142
0.481481481,4.18,0.986,0.707877273
0.401234568,5.07,0.984,0.750179598
0.567901235,4.24,0.986,0.781900319
0.527607362,4.34,0.985,0.742577309
0.537037037,4.32,0.983,0.751317429
0.456790123,4.54,0.988,0.716731721
0.401234568,4.83,0.982,0.720689968
0.598765432,4.45,0.986,0.790158779
0.586419753,3.41,0.986,0.753327525
0.49382716,4.84,0.984,0.762245412
0.533742331,4.5,0.988,0.771997824
0.635802469,4.28,0.986,0.83609418
0.432098765,4.46,0.985,0.728447972
0.462962963,4.29,0.983,0.723012227
0.574074074,4.16,0.988,0.775781474
0.385093168,4.59,0.989,0.701838757
0.462962963,4.37,0.985,0.696898696
0.524691358,3.87,0.983,0.712310576
0.543209877,3.55,0.986,0.69559478
0.561728395,3.66,0.984,0.742720243
0.518518519,4.36,0.984,0.779504337
0.537037037,4.38,0.983,0.762912405
0.462962963,4.47,0.988,0.770866324
0.364197531,5.02,0.977,0.73888651
